First_name,Last_name,ESU_email,Password,Student_id
Job,jobna,job@esu.com,1234,esu1234test,111111
Jobsss,jobnasa,joba@esu.com,1234,esu1234
fre,werewr,ewrewr,rwer,rwerewr
qwerwe,etewt,tewt,tewtewt,tewt
fdsf,dsfdsf,dsfdsfdsf,dsfdsf,dsfdsf
1111,1111,1111,1111,1111
fdsf,fdsfdsf,fdsf,sdfds,ffdsf
gsdg,dsgdsg,wewer,wetwet,tewt
etewt,ewtewt,ewtewt,wetwettwe,tewt
Jobsss,jobnasa,joba@esu.com,1234,esu1234
Jobsss,jobnasa,joba@esu.com,1234,esu1234
Narets,Narets,naret@esu.com,1234,12341414
Narets,Naftewt,narets,narets,1213214
gsdgg,dsgdsg,gsdgdsg,gdsg,dsg
